1,"7.a","CzL","tes","tesi2",0,5
1,"7.a","CzL","tes","tesi3",4,2
1,"7.a","CzL","tes","népt",1,5
1,"7.a","CzL","tes","tesi2",3,6
2,"7.a","VaB","tes","tesi3",0,5
2,"7.a","VaB","tes","tesi2",4,2
2,"7.a","VaB","tes","tesi2",1,5
2,"7.a","VaB","tes","tesi1",3,6
3,"7.a","CsK","biK","1/7",0,2
4,"7.a","CsK","biK","7.a-0/2",2,3
5,"7.a","CsK","biK","1/7",0,1
6,"7.a","CsK","biK","7.a-0/2",2,4
7,"7.a","CsK","kémK","7.a-0/2",1,1
8,"7.a","CsK","kémK","7.a-0/2",1,2
9,"7.a","LiA","népt","népt",2,3
10,"7.a","LiA","népt","népt",2,4
11,"7.a","NéD","fizK","1/4",1,2
12,"7.a","NéD","fizK","1/4",1,1
13,"7.a","RGy","dk","2/4 inf",0,2
14,"7.a","PiK","dk","0/1 inf",0,1
15,"7.a","PáG","tör","7.a-0/2",2,5
15,"7.a","PáG","tör","7.a-0/2",4,5
16,"7.a","NéD","matK","7.a-0/2",0,3
16,"7.a","NéD","matK","7.a-0/2",1,6
16,"7.a","NéD","matK","7.a-0/2",3,3
16,"7.a","NéD","matK","7.a-0/2",4,3
17,"7.a","HeI","magy","7.a-0/2",3,1
17,"7.a","HeI","magy","7.a-0/2",2,6
17,"7.a","HeI","magy","7.a-0/2",4,1
17,"7.a","HeI","magy","7.a-0/2",1,4
18,"7.a","KKÉ","föl","7.a-0/2",1,3
18,"7.a","KKÉ","föl","7.a-0/2",3,5
19,"7.a","BaÁ","én","0/5",3,2
19,"7.a","BaÁ","én","0/5",0,4
20,"7.a","OrA","rajz","7.a-0/2",0,6
21,"7.a","ElK","an1K","7.b-0/3",4,4
21,"7.b","ElK","an1K","7.b-0/3",4,4
21,"7.a","ElK","an1K","1/7",2,2
21,"7.b","ElK","an1K","1/7",2,2
21,"7.a","ElK","an1K","1/7",2,1
21,"7.b","ElK","an1K","1/7",2,1
21,"7.a","ElK","an1K","7.a-0/2",3,4
21,"7.b","ElK","an1K","7.a-0/2",3,4
22,"7.a","KoP","an1K","7.a-0/2",4,4
22,"7.b","KoP","an1K","7.a-0/2",4,4
22,"7.a","KoP","an1K","7.b-0/3",2,2
22,"7.b","KoP","an1K","7.b-0/3",2,2
22,"7.a","KoP","an1K","7.b-0/3",2,1
22,"7.b","KoP","an1K","7.b-0/3",2,1
22,"7.a","KoP","an1K","1/1",3,4
22,"7.b","KoP","an1K","1/1",3,4
23,"7.a","KrP","an1K","1/1",4,4
23,"7.b","KrP","an1K","1/1",4,4
23,"7.a","KrP","an1K","7.a-0/2",2,2
23,"7.b","KrP","an1K","7.a-0/2",2,2
23,"7.a","KrP","an1K","7.a-0/2",2,1
23,"7.b","KrP","an1K","7.a-0/2",2,1
23,"7.a","KrP","an1K","7.b-0/3",3,4
23,"7.b","KrP","an1K","7.b-0/3",3,4
24,"7.a","MaL","an1K","1/4",4,4
24,"7.b","MaL","an1K","1/4",4,4
24,"7.a","MaL","an1K","1/1",2,2
24,"7.b","MaL","an1K","1/1",2,2
24,"7.a","MaL","an1K","1/1",2,1
24,"7.b","MaL","an1K","1/1",2,1
24,"7.a","MaL","an1K","1/4",3,4
24,"7.b","MaL","an1K","1/4",3,4
25,"7.b","BáÁ","tör","7.b-0/3",0,4
25,"7.b","BáÁ","tör","7.b-0/3",3,6
26,"7.b","BHZs","biK","7.b-0/3",1,4
27,"7.b","BHZs","biK","7.b-0/3",4,3
28,"7.b","FeA","biK","1/7",1,3
29,"7.b","FeA","biK","7.b-0/3",4,2
30,"7.b","OrA","rajz","7.b-0/3",3,3
31,"7.b","BaÁ","én","0/5",0,5
31,"7.b","BaÁ","én","0/5",3,1
32,"7.b","FáL","magy","7.b-0/3",2,4
32,"7.b","FáL","magy","7.b-0/3",0,1
32,"7.b","FáL","magy","7.b-0/3",1,2
32,"7.b","FáL","magy","7.b-0/3",3,2
33,"7.b","FaF","kémK","7.a-0/2",1,5
34,"7.b","FaF","kémK","7.b-0/3",2,5
35,"7.b","TóT","tes","tesi2",0,6
35,"7.b","TóT","tes","tesi3",1,6
35,"7.b","TóT","tes","tesi1",3,5
35,"7.b","TóT","tes","tesi2",4,5
36,"7.b","KKÉ","föl","7.b-0/3",1,1
36,"7.b","KKÉ","föl","7.b-0/3",4,6
37,"7.b","KGé","fizK","8.b-2/3",2,5
38,"7.b","KGé","fizK","7.b-0/3",1,5
39,"7.b","LiA","népt","népt",4,3
40,"7.b","LiA","népt","népt",4,2
41,"7.b","RGy","dk","2/4 inf",1,3
42,"7.b","SzZs","dk","2/4 inf",1,4
43,"7.b","ZsB","tes","tesi3",0,6
43,"7.b","ZsB","tes","tesi1",1,6
43,"7.b","ZsB","tes","tesi2",3,5
43,"7.b","ZsB","tes","tesi3",4,5
44,"7.b","KéM","matK","7.b-0/3",0,3
44,"7.b","UjM","matK","7.b-0/3",0,3
44,"7.b","KéM","matK","7.b-0/3",4,1
44,"7.b","UjM","matK","7.b-0/3",4,1
45,"7.c","FaF","kémK","7.c-0/4",2,3
46,"7.c","FaF","kémK","7.c-0/4",2,4
47,"7.c","FeA","biK","7.c-0/4",2,2
48,"7.c","FeA","biK","1/1",0,5
49,"7.c","FeA","biK","7.c-0/4",2,1
50,"7.c","FeA","biK","1/1",0,6
51,"7.c","HeI","magy","7.c-0/4",3,5
51,"7.c","HeI","magy","7.c-0/4",3,6
51,"7.c","HeI","magy","7.c-0/4",4,2
51,"7.c","HeI","magy","7.c-0/4",1,6
52,"7.c","HeI","tör","7.c-0/4",1,5
52,"7.c","FaK","tör","7.c-0/4",1,5
53,"7.c","JKM","ném1K","7.c-0/4",4,5
53,"7.c","JKM","ném1K","7.c-0/4",1,2
53,"7.c","JKM","ném1K","1/4",3,2
53,"7.c","JKM","ném1K","7.c-0/4",1,3
54,"7.c","RiJ","ném1K","1/1",4,5
54,"7.c","RiJ","ném1K","1/1",1,2
54,"7.c","RiJ","ném1K","7.c-0/4",3,2
54,"7.c","RiJ","ném1K","1/1",1,3
55,"7.c","RGy","dk","2/4 inf",0,5
56,"7.c","PiK","dk","0/1 inf",0,6
57,"7.c","PiK","fizK","9.c-1/6",2,3
58,"7.c","PiK","fizK","9.c-1/6",2,4
59,"7.c","MoP","matK","7.c-0/4",3,1
59,"7.c","MoP","matK","7.c-0/4",1,1
59,"7.c","MoP","matK","7.c-0/4",4,1
59,"7.c","MoP","matK","7.c-0/4",0,3
60,"7.c","LiA","népt","népt",2,1
61,"7.c","LiA","népt","népt",2,2
62,"7.c","KuJ","tes","tesi3",0,1
62,"7.c","KuJ","tes","tesi2",2,6
62,"7.c","KuJ","tes","tesi2",1,4
62,"7.c","KuJ","tes","tesi3",4,6
63,"7.c","TóK","tes","tesi2",0,1
63,"7.c","TóK","tes","tesi3",2,6
63,"7.c","TóK","tes","népt",1,4
63,"7.c","TóK","tes","tesi2",4,6
64,"7.c","KKÉ","föl","7.c-0/4",2,5
64,"7.c","KKÉ","föl","7.c-0/4",4,4
65,"7.c","BaÁ","én","7.c-0/4",3,3
65,"7.c","BaÁ","én","0/5",0,2
66,"7.c","OrA","rajz","7.c-0/4",0,4
67,"7.c","JKM","of","7.c-0/4",3,4
67,"7.c","RiJ","of","7.c-0/4",3,4
68,"7.b","BáÁ","of","7.b-0/3",2,6
68,"7.b","FáL","of","7.b-0/3",2,6
69,"7.a","CsK","of","7.a-0/2",4,6
69,"7.a","MáM","of","7.a-0/2",4,6
70,"8.a","KoP","an1K","8.a-2/2",2,3
70,"8.b","KoP","an1K","8.a-2/2",2,3
70,"8.c","KoP","an1K","8.a-2/2",2,3
70,"8.a","KoP","an1K","8.b-2/3",0,1
70,"8.b","KoP","an1K","8.b-2/3",0,1
70,"8.c","KoP","an1K","8.b-2/3",0,1
70,"8.a","KoP","an1K","8.b-2/3",3,3
70,"8.b","KoP","an1K","8.b-2/3",3,3
70,"8.c","KoP","an1K","8.b-2/3",3,3
70,"8.a","KoP","an1K","1/4",1,3
70,"8.b","KoP","an1K","1/4",1,3
70,"8.c","KoP","an1K","1/4",1,3
71,"8.a","MáM","ném1K","8.b-2/3",2,3
71,"8.c","MáM","ném1K","8.b-2/3",2,3
71,"8.a","MáM","ném1K","8.c-1/2",0,1
71,"8.c","MáM","ném1K","8.c-1/2",0,1
71,"8.a","MáM","ném1K","1/1",3,3
71,"8.c","MáM","ném1K","1/1",3,3
71,"8.a","MáM","ném1K","8.c-1/2",1,3
71,"8.c","MáM","ném1K","8.c-1/2",1,3
72,"8.a","NiN","an1K","9.b-1/5",2,3
72,"8.b","NiN","an1K","9.b-1/5",2,3
72,"8.c","NiN","an1K","9.b-1/5",2,3
72,"8.a","NiN","an1K","7.a-0/2",0,1
72,"8.b","NiN","an1K","7.a-0/2",0,1
72,"8.c","NiN","an1K","7.a-0/2",0,1
72,"8.a","NiN","an1K","8.c-1/2",3,3
72,"8.b","NiN","an1K","8.c-1/2",3,3
72,"8.c","NiN","an1K","8.c-1/2",3,3
72,"8.a","NiN","an1K","7.b-0/3",1,3
72,"8.b","NiN","an1K","7.b-0/3",1,3
72,"8.c","NiN","an1K","7.b-0/3",1,3
73,"8.a","RFL","an1K","8.c-1/2",2,3
73,"8.b","RFL","an1K","8.c-1/2",2,3
73,"8.c","RFL","an1K","8.c-1/2",2,3
73,"8.a","RFL","an1K","7.c-0/4",0,1
73,"8.b","RFL","an1K","7.c-0/4",0,1
73,"8.c","RFL","an1K","7.c-0/4",0,1
73,"8.a","RFL","an1K","1/4",3,3
73,"8.b","RFL","an1K","1/4",3,3
73,"8.c","RFL","an1K","1/4",3,3
73,"8.a","RFL","an1K","0/1 inf",1,3
73,"8.b","RFL","an1K","0/1 inf",1,3
73,"8.c","RFL","an1K","0/1 inf",1,3
74,"8.a","SzkN","an1K","8.a-2/2",0,1
74,"8.b","SzkN","an1K","8.a-2/2",0,1
74,"8.c","SzkN","an1K","8.a-2/2",0,1
74,"8.a","SzkN","an1K","1/7",2,3
74,"8.b","SzkN","an1K","1/7",2,3
74,"8.c","SzkN","an1K","1/7",2,3
74,"8.a","SzkN","an1K","1/7",3,3
74,"8.b","SzkN","an1K","1/7",3,3
74,"8.c","SzkN","an1K","1/7",3,3
74,"8.a","SzkN","an1K","2/1",1,3
74,"8.b","SzkN","an1K","2/1",1,3
74,"8.c","SzkN","an1K","2/1",1,3
75,"8.a","ViV","an1K","9.a-1/3",2,3
75,"8.b","ViV","an1K","9.a-1/3",2,3
75,"8.c","ViV","an1K","9.a-1/3",2,3
75,"8.a","ViV","an1K","1/1",0,1
75,"8.b","ViV","an1K","1/1",0,1
75,"8.c","ViV","an1K","1/1",0,1
75,"8.a","ViV","an1K","2/1",3,3
75,"8.b","ViV","an1K","2/1",3,3
75,"8.c","ViV","an1K","2/1",3,3
75,"8.a","ViV","an1K","8.b-2/3",1,3
75,"8.b","ViV","an1K","8.b-2/3",1,3
75,"8.c","ViV","an1K","8.b-2/3",1,3
76,"8.a","BHZs","föl","8.a-2/2",2,2
77,"8.a","CsV","drsz","8.a-2/2",0,7
78,"8.a","BoG","méd","8.b-2/3",0,7
79,"8.a","CzL","tes","tesi3",2,7
79,"8.a","CzL","tes","tesi2",0,2
79,"8.a","CzL","tes","tesi2",3,1
79,"8.a","CzL","tes","tesi2",3,2
80,"8.a","ZsB","tes","tesi3",0,2
80,"8.a","ZsB","tes","tesi2",2,7
80,"8.a","ZsB","tes","tesi3",3,1
80,"8.a","ZsB","tes","tesi3",3,2
81,"8.a","CsZ","ái","8.a-2/2",2,1
82,"8.a","FaF","kémK","1/7",0,3
82,"8.a","FaF","kémK","2/1",3,5
83,"8.a","FaF","kémK","1/7",0,4
83,"8.a","FaF","kémK","2/1",3,4
84,"8.a","FaK","tör","8.a-2/2",2,6
84,"8.a","FaK","tör","8.a-2/2",4,1
85,"8.a","GeG","biK","8.a-2/2",0,4
85,"8.a","GeG","biK","8.a-2/2",3,4
86,"8.a","GeG","biK","8.a-2/2",0,3
86,"8.a","GeG","biK","8.a-2/2",3,5
87,"8.a","KGa","rajz","8.a-2/2",1,5
87,"8.a","KGa","rajz","8.a-2/2",1,6
88,"8.a","KGé","fizK","8.a-2/2",2,4
88,"8.a","KGé","fizK","8.a-2/2",0,5
89,"8.a","LiA","népt","népt",4,5
90,"8.a","LiA","népt","népt",4,6
91,"8.a","MéP","én","0/5",4,3
92,"8.a","NéD","matK","8.a-2/2",1,4
92,"8.a","NéD","matK","8.a-2/2",2,5
92,"8.a","NéD","matK","8.a-2/2",4,4
93,"8.a","PiK","dk","0/1 inf",4,5
94,"8.a","SzZs","dk","2/4 inf",4,6
95,"8.a","CsV","magy","8.a-2/2",1,1
95,"8.a","CsV","magy","8.a-2/2",1,2
95,"8.a","CsV","magy","8.a-2/2",4,2
95,"8.a","CsV","magy","8.a-2/2",0,6
96,"8.a","CsV","of","8.a-2/2",3,6
97,"8.b","LiA","népt","népt",4,1
98,"8.b","LiA","népt","népt",2,5
99,"8.b","MéP","én","0/5",0,3
100,"8.b","KuL","kémK","8.b-2/3",2,4
100,"8.b","KuL","kémK","8.b-2/3",0,5
101,"8.b","KuL","kémK","8.b-2/3",0,6
101,"8.b","KuL","kémK","8.b-2/3",3,4
102,"8.b","FáL","magy","8.b-2/3",4,5
102,"8.b","FáL","magy","8.b-2/3",2,2
102,"8.b","FáL","magy","8.b-2/3",0,2
102,"8.b","FáL","magy","8.b-2/3",1,4
103,"8.b","EHJ","biK","1/7",0,6
103,"8.b","EHJ","biK","1/7",3,4
104,"8.b","FaN","biK","1/7",2,4
104,"8.b","FaN","biK","1/7",0,5
105,"8.b","GCs","matK","8.b-2/3",1,6
105,"8.b","GCs","matK","8.b-2/3",4,4
105,"8.b","GCs","matK","8.b-2/3",2,6
106,"8.b","ViF","fizK","8.b-2/3",2,1
106,"8.b","ViF","fizK","8.b-2/3",4,6
107,"8.b","KuJ","tes","tesi2",0,4
107,"8.b","KuJ","tes","tesi2",4,3
107,"8.b","KuJ","tes","népt",3,6
107,"8.b","KuJ","tes","tesi2",1,7
108,"8.b","TóK","tes","tesi3",0,4
108,"8.b","TóK","tes","tesi3",4,3
108,"8.b","TóK","tes","tesi3",3,6
108,"8.b","TóK","tes","tesi3",1,7
109,"8.b","CsV","méd","8.b-2/3",1,5
110,"8.b","BoG","drsz","1/1",1,5
111,"8.b","CsZ","ái","8.b-2/3",3,7
112,"8.b","OrA","rajz","8.b-2/3",3,1
112,"8.b","OrA","rajz","8.b-2/3",3,2
113,"8.b","BHZs","föl","8.b-2/3",3,5
114,"8.b","ScP","tör","8.b-2/3",1,1
114,"8.b","ScP","tör","8.b-2/3",4,2
115,"8.b","RGy","dk","2/4 inf",2,5
116,"8.b","PiK","dk","0/1 inf",4,1
117,"8.b","ScP","of","8.b-2/3",1,2
117,"8.b","SzkN","of","8.b-2/3",1,2
118,"8.c","VaB","of","8.c-1/2",4,6
118,"8.c","CzL","of","8.c-1/2",4,6
119,"8.c","CzL","tes","tesi2",0,7
119,"8.c","CzL","tes","tesi2",4,7
119,"8.c","CzL","tes","tesi3",2,1
119,"8.c","CzL","tes","tesi2",1,6
120,"8.c","VaB","tes","tesi3",0,7
120,"8.c","VaB","tes","tesi3",4,7
120,"8.c","VaB","tes","tesi2",2,1
120,"8.c","VaB","tes","népt",1,6
121,"8.c","NéD","matK","8.c-1/2",1,5
121,"8.c","NéD","matK","8.c-1/2",3,4
121,"8.c","NéD","matK","8.c-1/2",4,2
122,"8.c","GeG","biK","8.c-1/2",0,6
122,"8.c","GeG","biK","1/7",3,2
123,"8.c","GeG","biK","8.c-1/2",0,5
123,"8.c","GeG","biK","1/7",3,1
124,"8.c","CsK","kémK","1/4",0,6
124,"8.c","CsK","kémK","8.a-2/2",3,2
125,"8.c","CsK","kémK","1/4",0,5
125,"8.c","CsK","kémK","8.a-2/2",3,1
126,"8.c","KKÉ","föl","8.c-1/2",0,4
127,"8.c","ViF","fizK","8.c-1/2",2,2
127,"8.c","ViF","fizK","8.c-1/2",4,5
128,"8.c","MéP","én","0/5",1,4
129,"8.c","OrA","rajz","8.c-1/2",3,5
129,"8.c","OrA","rajz","8.c-1/2",3,6
130,"8.c","CsZ","ái","8.c-1/2",1,1
131,"8.c","BoG","magy","8.c-1/2",0,2
131,"8.c","BoG","magy","8.c-1/2",1,2
131,"8.c","BoG","magy","8.c-1/2",2,5
131,"8.c","BoG","magy","8.c-1/2",2,4
132,"8.c","BoG","drsz","8.c-1/2",4,3
133,"8.c","CsV","méd","8.b-2/3",4,3
134,"8.c","RGy","dk","2/4 inf",2,6
135,"8.c","PiK","dk","0/1 inf",4,4
136,"8.c","LiA","népt","népt",4,4
137,"8.c","LiA","népt","népt",2,6
138,"8.c","BáÁ","tör","8.c-1/2",4,1
138,"8.c","BáÁ","tör","8.c-1/2",0,3
139,"9.a","BHZs","föl","9.a-1/3",3,4
139,"9.a","BHZs","föl","9.a-1/3",0,1
140,"9.a","CsB","magy","9.a-1/3",1,6
140,"9.a","CsB","magy","9.a-1/3",2,4
140,"9.a","CsB","magy","9.a-1/3",4,3
140,"9.a","CsB","magy","9.a-1/3",2,5
141,"9.a","CsK","kémK","9.a-1/3",1,3
141,"9.a","CsK","kémK","9.a-1/3",4,2
142,"9.a","BanS","én","0/5",3,7
143,"9.a","FeA","biK","9.a-1/3",4,1
143,"9.a","FeA","biK","9.a-1/3",3,1
144,"9.a","TóT","tes","BVSC",2,3
144,"9.a","ZsB","tes","BVSC",2,3
144,"9.a","TóK","tes","BVSC",2,3
144,"9.c","TóT","tes","BVSC",2,3
144,"9.c","ZsB","tes","BVSC",2,3
144,"9.c","TóK","tes","BVSC",2,3
144,"9.a","TóT","tes","BVSC",2,2
144,"9.a","ZsB","tes","BVSC",2,2
144,"9.a","TóK","tes","BVSC",2,2
144,"9.c","TóT","tes","BVSC",2,2
144,"9.c","ZsB","tes","BVSC",2,2
144,"9.c","TóK","tes","BVSC",2,2
144,"9.a","TóT","tes","BVSC",2,1
144,"9.a","ZsB","tes","BVSC",2,1
144,"9.a","TóK","tes","BVSC",2,1
144,"9.c","TóT","tes","BVSC",2,1
144,"9.c","ZsB","tes","BVSC",2,1
144,"9.c","TóK","tes","BVSC",2,1
145,"9.a","KCs","tör","9.a-1/3",4,5
145,"9.a","KCs","tör","9.a-1/3",0,6
146,"9.a","KGa","rajz","9.a-1/3",1,7
147,"9.a","MoP","matK","8.a-2/2",3,3
147,"9.a","MoP","matK","8.c-1/2",4,4
147,"9.a","MoP","matK","7.a-0/2",0,5
148,"9.a","RGy","dk","0/1 inf",3,6
148,"9.a","RGy","dk","0/1 inf",1,5
149,"9.a","SzZs","dk","2/4 inf",3,6
149,"9.a","SzZs","dk","2/4 inf",1,5
150,"9.a","SzZs","matK","9.a-1/3",3,3
150,"9.a","SzZs","matK","9.a-1/3",4,4
150,"9.a","SzZs","matK","9.a-1/3",0,5
151,"9.a","VGy","fizK","9.a-1/3",0,2
151,"9.a","VGy","fizK","9.a-1/3",4,6
153,"9.a","KCs","of","9.a-1/3",0,7
153,"9.a","CsB","of","9.a-1/3",0,7
154,"9.a","BaS","an1K","9.a-1/3",0,4
154,"9.b","BaS","an1K","9.a-1/3",0,4
154,"9.c","BaS","an1K","9.a-1/3",0,4
154,"9.a","BaS","an1K","9.a-1/3",0,3
154,"9.b","BaS","an1K","9.a-1/3",0,3
154,"9.c","BaS","an1K","9.a-1/3",0,3
154,"9.a","BaS","an1K","9.b-1/5",3,5
154,"9.b","BaS","an1K","9.b-1/5",3,5
154,"9.c","BaS","an1K","9.b-1/5",3,5
154,"9.a","BaS","an1K","9.c-1/6",1,4
154,"9.b","BaS","an1K","9.c-1/6",1,4
154,"9.c","BaS","an1K","9.c-1/6",1,4
155,"9.a","GCs","an1K","9.c-1/6",0,4
155,"9.b","GCs","an1K","9.c-1/6",0,4
155,"9.c","GCs","an1K","9.c-1/6",0,4
155,"9.a","GCs","an1K","9.c-1/6",0,3
155,"9.b","GCs","an1K","9.c-1/6",0,3
155,"9.c","GCs","an1K","9.c-1/6",0,3
155,"9.a","GCs","an1K","1/1",3,5
155,"9.b","GCs","an1K","1/1",3,5
155,"9.c","GCs","an1K","1/1",3,5
155,"9.a","GCs","an1K","9.b-1/5",1,4
155,"9.b","GCs","an1K","9.b-1/5",1,4
155,"9.c","GCs","an1K","9.b-1/5",1,4
156,"9.a","HaH","ném1K","2/1",0,4
156,"9.b","HaH","ném1K","2/1",0,4
156,"9.c","HaH","ném1K","2/1",0,4
156,"9.a","HaH","ném1K","2/1",0,3
156,"9.b","HaH","ném1K","2/1",0,3
156,"9.c","HaH","ném1K","2/1",0,3
156,"9.a","HaH","ném1K","9.a-1/3",3,5
156,"9.b","HaH","ném1K","9.a-1/3",3,5
156,"9.c","HaH","ném1K","9.a-1/3",3,5
156,"9.a","HaH","ném1K","7.c-0/4",1,4
156,"9.b","HaH","ném1K","7.c-0/4",1,4
156,"9.c","HaH","ném1K","7.c-0/4",1,4
157,"9.a","KoP","an1K","1/4",0,4
157,"9.b","KoP","an1K","1/4",0,4
157,"9.c","KoP","an1K","1/4",0,4
157,"9.a","KoP","an1K","1/4",0,3
157,"9.b","KoP","an1K","1/4",0,3
157,"9.c","KoP","an1K","1/4",0,3
157,"9.a","KoP","an1K","7.b-0/3",3,5
157,"9.b","KoP","an1K","7.b-0/3",3,5
157,"9.c","KoP","an1K","7.b-0/3",3,5
157,"9.a","KoP","an1K","1/4",1,4
157,"9.b","KoP","an1K","1/4",1,4
157,"9.c","KoP","an1K","1/4",1,4
158,"9.a","KrP","an1K","1/1",0,4
158,"9.b","KrP","an1K","1/1",0,4
158,"9.c","KrP","an1K","1/1",0,4
158,"9.a","KrP","an1K","1/1",0,3
158,"9.b","KrP","an1K","1/1",0,3
158,"9.c","KrP","an1K","1/1",0,3
158,"9.a","KrP","an1K","9.c-1/6",3,5
158,"9.b","KrP","an1K","9.c-1/6",3,5
158,"9.c","KrP","an1K","9.c-1/6",3,5
158,"9.a","KrP","an1K","9.a-1/3",1,4
158,"9.b","KrP","an1K","9.a-1/3",1,4
158,"9.c","KrP","an1K","9.a-1/3",1,4
159,"9.a","ViV","ném1K","9.b-1/5",0,4
159,"9.b","ViV","ném1K","9.b-1/5",0,4
159,"9.c","ViV","ném1K","9.b-1/5",0,4
159,"9.a","ViV","ném1K","9.b-1/5",0,3
159,"9.b","ViV","ném1K","9.b-1/5",0,3
159,"9.c","ViV","ném1K","9.b-1/5",0,3
159,"9.a","ViV","ném1K","1/7",3,5
159,"9.b","ViV","ném1K","1/7",3,5
159,"9.c","ViV","ném1K","1/7",3,5
159,"9.a","ViV","ném1K","1/1",1,4
159,"9.b","ViV","ném1K","1/1",1,4
159,"9.c","ViV","ném1K","1/1",1,4
160,"9.a","BaS","an2K","9.c-1/6",1,1
160,"9.b","BaS","an2K","9.c-1/6",1,1
160,"9.c","BaS","an2K","9.c-1/6",1,1
160,"9.a","BaS","an2K","9.c-1/6",1,2
160,"9.b","BaS","an2K","9.c-1/6",1,2
160,"9.c","BaS","an2K","9.c-1/6",1,2
160,"9.a","BaS","an2K","9.c-1/6",3,2
160,"9.b","BaS","an2K","9.c-1/6",3,2
160,"9.c","BaS","an2K","9.c-1/6",3,2
160,"9.a","BaS","an2K","8.c-1/2",2,6
160,"9.b","BaS","an2K","8.c-1/2",2,6
160,"9.c","BaS","an2K","8.c-1/2",2,6
161,"9.a","ElK","an2K","2/4 inf",1,1
161,"9.b","ElK","an2K","2/4 inf",1,1
161,"9.c","ElK","an2K","2/4 inf",1,1
161,"9.a","ElK","an2K","2/4 inf",1,2
161,"9.b","ElK","an2K","2/4 inf",1,2
161,"9.c","ElK","an2K","2/4 inf",1,2
161,"9.a","ElK","an2K","2/4 inf",3,2
161,"9.b","ElK","an2K","2/4 inf",3,2
161,"9.c","ElK","an2K","2/4 inf",3,2
161,"9.a","ElK","an2K","1/7",2,6
161,"9.b","ElK","an2K","1/7",2,6
161,"9.c","ElK","an2K","1/7",2,6
162,"9.a","HaH","ném2K","2/1",1,1
162,"9.b","HaH","ném2K","2/1",1,1
162,"9.c","HaH","ném2K","2/1",1,1
162,"9.a","HaH","ném2K","2/1",1,2
162,"9.b","HaH","ném2K","2/1",1,2
162,"9.c","HaH","ném2K","2/1",1,2
162,"9.a","HaH","ném2K","7.a-0/2",3,2
162,"9.b","HaH","ném2K","7.a-0/2",3,2
162,"9.c","HaH","ném2K","7.a-0/2",3,2
162,"9.a","HaH","ném2K","1/1",2,6
162,"9.b","HaH","ném2K","1/1",2,6
162,"9.c","HaH","ném2K","1/1",2,6
163,"9.a","ViV","ném2K","1/7",1,1
163,"9.b","ViV","ném2K","1/7",1,1
163,"9.c","ViV","ném2K","1/7",1,1
163,"9.a","ViV","ném2K","1/7",1,2
163,"9.b","ViV","ném2K","1/7",1,2
163,"9.c","ViV","ném2K","1/7",1,2
163,"9.a","ViV","ném2K","1/1",3,2
163,"9.b","ViV","ném2K","1/1",3,2
163,"9.c","ViV","ném2K","1/1",3,2
163,"9.a","ViV","ném2K","9.a-1/3",2,6
163,"9.b","ViV","ném2K","9.a-1/3",2,6
163,"9.c","ViV","ném2K","9.a-1/3",2,6
164,"9.a","BoK","spaK","0/5",1,1
164,"9.b","BoK","spaK","0/5",1,1
164,"9.c","BoK","spaK","0/5",1,1
164,"9.a","BoK","spaK","0/5",1,2
164,"9.b","BoK","spaK","0/5",1,2
164,"9.c","BoK","spaK","0/5",1,2
164,"9.a","BoK","spaK","8.c-1/2",3,2
164,"9.b","BoK","spaK","8.c-1/2",3,2
164,"9.c","BoK","spaK","8.c-1/2",3,2
164,"9.a","BoK","spaK","9.c-1/6",2,6
164,"9.b","BoK","spaK","9.c-1/6",2,6
164,"9.c","BoK","spaK","9.c-1/6",2,6
165,"9.a","BuI","spaK","9.b-1/5",1,1
165,"9.b","BuI","spaK","9.b-1/5",1,1
165,"9.c","BuI","spaK","9.b-1/5",1,1
165,"9.a","BuI","spaK","9.b-1/5",1,2
165,"9.b","BuI","spaK","9.b-1/5",1,2
165,"9.c","BuI","spaK","9.b-1/5",1,2
165,"9.a","BuI","spaK","9.a-1/3",3,2
165,"9.b","BuI","spaK","9.a-1/3",3,2
165,"9.c","BuI","spaK","9.a-1/3",3,2
165,"9.a","BuI","spaK","2/1",2,6
165,"9.b","BuI","spaK","2/1",2,6
165,"9.c","BuI","spaK","2/1",2,6
166,"9.a","ErK","fraK","9.a-1/3",1,1
166,"9.b","ErK","fraK","9.a-1/3",1,1
166,"9.c","ErK","fraK","9.a-1/3",1,1
166,"9.a","ErK","fraK","9.a-1/3",1,2
166,"9.b","ErK","fraK","9.a-1/3",1,2
166,"9.c","ErK","fraK","9.a-1/3",1,2
166,"9.a","ErK","fraK","9.b-1/5",3,2
166,"9.b","ErK","fraK","9.b-1/5",3,2
166,"9.c","ErK","fraK","9.b-1/5",3,2
166,"9.a","ErK","fraK","9.b-1/5",2,6
166,"9.b","ErK","fraK","9.b-1/5",2,6
166,"9.c","ErK","fraK","9.b-1/5",2,6
167,"9.a","NéK","kínK","tárgyaló",1,1
167,"9.b","NéK","kínK","tárgyaló",1,1
167,"9.c","NéK","kínK","tárgyaló",1,1
167,"9.a","NéK","kínK","tárgyaló",1,2
167,"9.b","NéK","kínK","tárgyaló",1,2
167,"9.c","NéK","kínK","tárgyaló",1,2
167,"9.a","NéK","kínK","2/1",3,2
167,"9.b","NéK","kínK","2/1",3,2
167,"9.c","NéK","kínK","2/1",3,2
167,"9.a","NéK","kínK","1/4",2,6
167,"9.b","NéK","kínK","1/4",2,6
167,"9.c","NéK","kínK","1/4",2,6
168,"9.b","UjM","matK","9.b-1/5",0,1
168,"9.b","UjM","matK","9.b-1/5",3,4
168,"9.b","UjM","matK","9.b-1/5",2,4
169,"9.b","UjM","matK","9.b-1/5",0,6
169,"9.b","UjM","matK","9.b-1/5",3,3
169,"9.b","UjM","matK","9.b-1/5",1,5
170,"9.b","ZsB","tes","népt",0,1
170,"9.b","ZsB","tes","tesi2",3,4
170,"9.b","ZsB","tes","tesi2",2,4
171,"9.b","TóK","tes","népt",0,6
171,"9.b","TóK","tes","tesi2",3,3
171,"9.b","TóK","tes","tesi3",1,5
172,"9.b","RGy","dk","2/4 inf",2,3
172,"9.b","RGy","dk","2/4 inf",0,7
173,"9.b","FCs","dk","0/1 inf",2,3
173,"9.b","FCs","dk","0/1 inf",0,7
174,"9.b","BanS","én","0/5",3,6
175,"9.b","OrA","rajz","9.b-1/5",0,5
176,"9.b","CsB","magy","9.b-1/5",4,2
176,"9.b","CsB","magy","9.b-1/5",4,1
176,"9.b","CsB","magy","9.b-1/5",0,2
176,"9.b","CsB","magy","9.b-1/5",3,7
177,"9.b","CsK","biK","9.b-1/5",2,5
177,"9.b","CsK","biK","9.b-1/5",4,3
178,"9.b","FaF","kémK","9.b-1/5",2,2
178,"9.b","FaF","kémK","9.b-1/5",4,6
179,"9.b","KKÉ","föl","9.b-1/5",4,5
179,"9.b","KKÉ","föl","9.b-1/5",3,1
180,"9.b","KGé","fizK","9.b-1/5",4,4
180,"9.b","KGé","fizK","9.b-1/5",1,6
181,"9.b","BáÁ","tör","9.b-1/5",1,3
181,"9.b","BáÁ","tör","9.b-1/5",2,1
182,"9.b","UjM","of","9.b-1/5",1,7
183,"9.c","BáÁ","tör","9.c-1/6",3,4
183,"9.c","BáÁ","tör","9.c-1/6",0,1
184,"9.c","OrA","rajz","9.c-1/6",3,7
185,"9.c","BanS","én","0/5",3,3
186,"9.c","FCs","dk","0/1 inf",4,3
186,"9.c","FCs","dk","0/1 inf",2,4
187,"9.c","SzZs","dk","2/4 inf",4,3
187,"9.c","SzZs","dk","2/4 inf",2,4
190,"9.c","VGy","fizK","9.c-1/6",0,6
190,"9.c","VGy","fizK","9.c-1/6",4,4
191,"9.c","PáD","magy","9.c-1/6",3,1
191,"9.c","PáD","magy","9.c-1/6",4,1
191,"9.c","PáD","magy","9.c-1/6",1,6
191,"9.c","PáD","magy","9.c-1/6",0,2
192,"9.c","NéD","matK","9.c-1/6",1,3
192,"9.c","NéD","matK","9.c-1/6",4,5
192,"9.c","NéD","matK","9.c-1/6",0,5
193,"9.c","FrE","matK","8.a-2/2",4,5
193,"9.c","FrE","matK","7.b-0/3",0,5
193,"9.c","FrE","matK","8.a-2/2",1,3
194,"9.c","GeG","biK","9.c-1/6",3,6
194,"9.c","GeG","biK","9.c-1/6",0,7
195,"9.c","KuL","kémK","9.c-1/6",4,6
195,"9.c","KuL","kémK","9.c-1/6",1,5
196,"9.c","PáD","föl","9.c-1/6",4,2
196,"9.c","PáD","föl","9.c-1/6",2,5
197,"9.c","PáD","of","9.c-1/6",1,7
198,"10.b","BHZs","föl","Fő:110_10b",2,4
198,"10.b","BHZs","föl","Fő:110_10b",4,1
199,"10.b","BoG","magy","Fő:110_10b",3,2
199,"10.b","BoG","magy","Fő:110_10b",3,3
199,"10.b","BoG","magy","Fő:110_10b",0,5
199,"10.b","BoG","magy","Fő:110_10b",2,6
200,"10.a","CzL","tes","BVSC",1,1
200,"10.a","ZsB","tes","BVSC",1,1
200,"10.a","KuJ","tes","BVSC",1,1
200,"10.a","TóK","tes","BVSC",1,1
200,"10.b","CzL","tes","BVSC",1,1
200,"10.b","ZsB","tes","BVSC",1,1
200,"10.b","KuJ","tes","BVSC",1,1
200,"10.b","TóK","tes","BVSC",1,1
200,"10.c","CzL","tes","BVSC",1,1
200,"10.c","ZsB","tes","BVSC",1,1
200,"10.c","KuJ","tes","BVSC",1,1
200,"10.c","TóK","tes","BVSC",1,1
200,"10.a","CzL","tes","BVSC",1,2
200,"10.a","ZsB","tes","BVSC",1,2
200,"10.a","KuJ","tes","BVSC",1,2
200,"10.a","TóK","tes","BVSC",1,2
200,"10.b","CzL","tes","BVSC",1,2
200,"10.b","ZsB","tes","BVSC",1,2
200,"10.b","KuJ","tes","BVSC",1,2
200,"10.b","TóK","tes","BVSC",1,2
200,"10.c","CzL","tes","BVSC",1,2
200,"10.c","ZsB","tes","BVSC",1,2
200,"10.c","KuJ","tes","BVSC",1,2
200,"10.c","TóK","tes","BVSC",1,2
200,"10.a","CzL","tes","BVSC",1,3
200,"10.a","ZsB","tes","BVSC",1,3
200,"10.a","KuJ","tes","BVSC",1,3
200,"10.a","TóK","tes","BVSC",1,3
200,"10.b","CzL","tes","BVSC",1,3
200,"10.b","ZsB","tes","BVSC",1,3
200,"10.b","KuJ","tes","BVSC",1,3
200,"10.b","TóK","tes","BVSC",1,3
200,"10.c","CzL","tes","BVSC",1,3
200,"10.c","ZsB","tes","BVSC",1,3
200,"10.c","KuJ","tes","BVSC",1,3
200,"10.c","TóK","tes","BVSC",1,3
203,"10.b","CsK","bi","Fő:110_10b",3,4
203,"10.b","CsK","bi","Fő:110_10b",2,1
205,"10.b","CsK","kém","Fő:110_10b",3,5
205,"10.b","CsK","kém","Fő:110_10b",1,5
206,"10.b","KGa","rajz","Fő:110_10b",2,7
207,"10.a","EHJ","bi","F:218_10a",2,6
207,"10.a","EHJ","bi","F:218_10a",0,3
208,"10.b","KGé","fiz","Fő:110_10b",0,7
208,"10.b","KGé","fiz","Fő:110_10b",1,4
208,"10.b","KGé","fiz","Fő:110_10b",2,2
209,"10.b","MéP","én","0/5",1,6
209,"10.b","MéP","én","0/5",0,6
210,"10.a","FCs","dk","2/4 inf",3,5
211,"10.b","RGy","dk","2/4 inf",0,3
212,"10.b","PiK","dk","0/1 inf",0,3
213,"10.a","RGy","dk","0/1 inf",3,5
214,"10.b","SzT","tör","Fő:110_10b",4,4
214,"10.b","SzT","tör","Fő:110_10b",0,1
215,"10.b","ToM","mat","Fő:110_10b",2,3
215,"10.b","ToM","mat","Fő:110_10b",4,5
215,"10.b","ToM","mat","Fő:110_10b",0,4
216,"10.a","FaF","kém","F:218_10a",4,4
216,"10.a","FaF","kém","F:218_10a",2,1
217,"10.b","UjM","mat","I:-107_12c",2,3
217,"10.b","UjM","mat","I:-108_12b",0,4
217,"10.b","UjM","mat","Fő:42",4,5
218,"10.a","FrE","mat","F:218_10a",0,4
218,"10.a","FrE","mat","F:218_10a",2,3
218,"10.a","FrE","mat","Fő:138_11b",3,2
219,"10.b","BaS","an1","Fő:-135",4,2
219,"10.a","BaS","an1","Fő:-135",4,2
219,"10.c","BaS","an1","Fő:-135",4,2
219,"10.b","BaS","an1","Fő:-135",4,3
219,"10.a","BaS","an1","Fő:-135",4,3
219,"10.c","BaS","an1","Fő:-135",4,3
219,"10.b","BaS","an1","D:F022_11a",0,2
219,"10.a","BaS","an1","D:F022_11a",0,2
219,"10.c","BaS","an1","D:F022_11a",0,2
219,"10.b","BaS","an1","Fő:138_11b",3,1
219,"10.a","BaS","an1","Fő:138_11b",3,1
219,"10.c","BaS","an1","Fő:138_11b",3,1
220,"10.b","ElK","an1","Fő:42",4,2
220,"10.a","ElK","an1","Fő:42",4,2
220,"10.c","ElK","an1","Fő:42",4,2
220,"10.b","ElK","an1","Fő:42",4,3
220,"10.a","ElK","an1","Fő:42",4,3
220,"10.c","ElK","an1","Fő:42",4,3
220,"10.b","ElK","an1","Fő:-135",3,1
220,"10.a","ElK","an1","Fő:-135",3,1
220,"10.c","ElK","an1","Fő:-135",3,1
220,"10.b","ElK","an1","Fő:229_10c",0,2
220,"10.a","ElK","an1","Fő:229_10c",0,2
220,"10.c","ElK","an1","Fő:229_10c",0,2
221,"10.b","RFL","an1","Fő:229_10c",4,2
221,"10.a","RFL","an1","Fő:229_10c",4,2
221,"10.c","RFL","an1","Fő:229_10c",4,2
221,"10.b","RFL","an1","Fő:229_10c",4,3
221,"10.a","RFL","an1","Fő:229_10c",4,3
221,"10.c","RFL","an1","Fő:229_10c",4,3
221,"10.b","RFL","an1","Fő:229_10c",3,1
221,"10.a","RFL","an1","Fő:229_10c",3,1
221,"10.c","RFL","an1","Fő:229_10c",3,1
221,"10.b","RFL","an1","Fő:27_11c",0,2
221,"10.a","RFL","an1","Fő:27_11c",0,2
221,"10.c","RFL","an1","Fő:27_11c",0,2
222,"10.b","SzkN","an1","Fő:110_10b",4,2
222,"10.a","SzkN","an1","Fő:110_10b",4,2
222,"10.c","SzkN","an1","Fő:110_10b",4,2
222,"10.b","SzkN","an1","Fő:110_10b",4,3
222,"10.a","SzkN","an1","Fő:110_10b",4,3
222,"10.c","SzkN","an1","Fő:110_10b",4,3
222,"10.b","SzkN","an1","Fő:42",3,1
222,"10.a","SzkN","an1","Fő:42",3,1
222,"10.c","SzkN","an1","Fő:42",3,1
222,"10.b","SzkN","an1","Fő:110_10b",0,2
222,"10.a","SzkN","an1","Fő:110_10b",0,2
222,"10.c","SzkN","an1","Fő:110_10b",0,2
223,"10.b","JKM","ném1","D:F021",4,2
223,"10.a","JKM","ném1","D:F021",4,2
223,"10.c","JKM","ném1","D:F021",4,2
223,"10.b","JKM","ném1","D:F021",4,3
223,"10.a","JKM","ném1","D:F021",4,3
223,"10.c","JKM","ném1","D:F021",4,3
223,"10.b","JKM","ném1","Fő:27_11c",3,1
223,"10.a","JKM","ném1","Fő:27_11c",3,1
223,"10.c","JKM","ném1","Fő:27_11c",3,1
223,"10.b","JKM","ném1","D:F021",0,2
223,"10.a","JKM","ném1","D:F021",0,2
223,"10.c","JKM","ném1","D:F021",0,2
224,"10.a","NéD","mat","Fő:42",2,3
224,"10.a","NéD","mat","I:-108_12b",3,2
224,"10.a","NéD","mat","R:E356_12a",0,4
225,"10.b","KoP","ném1","D:215",4,2
225,"10.a","KoP","ném1","D:215",4,2
225,"10.c","KoP","ném1","D:215",4,2
225,"10.b","KoP","ném1","D:215",4,3
225,"10.a","KoP","ném1","D:215",4,3
225,"10.c","KoP","ném1","D:215",4,3
225,"10.b","KoP","ném1","Fő:-135",0,2
225,"10.a","KoP","ném1","Fő:-135",0,2
225,"10.c","KoP","ném1","Fő:-135",0,2
225,"10.b","KoP","ném1","F:218_10a",3,1
225,"10.a","KoP","ném1","F:218_10a",3,1
225,"10.c","KoP","ném1","F:218_10a",3,1
226,"10.a","KKÉ","föl","F:218_10a",2,2
226,"10.a","KKÉ","föl","F:218_10a",1,6
227,"10.b","GrÁ","an2","D:F021",4,6
227,"10.a","GrÁ","an2","D:F021",4,6
227,"10.c","GrÁ","an2","D:F021",4,6
227,"10.b","GrÁ","an2","R:E152",2,5
227,"10.a","GrÁ","an2","R:E152",2,5
227,"10.c","GrÁ","an2","R:E152",2,5
227,"10.b","GrÁ","an2","D:F021",3,6
227,"10.a","GrÁ","an2","D:F021",3,6
227,"10.c","GrÁ","an2","D:F021",3,6
227,"10.b","GrÁ","an2","I:-107_12c",1,7
227,"10.a","GrÁ","an2","I:-107_12c",1,7
227,"10.c","GrÁ","an2","I:-107_12c",1,7
228,"10.a","KGa","rajz","F:218_10a",3,7
229,"10.b","MaL","an2","C:157",4,6
229,"10.a","MaL","an2","C:157",4,6
229,"10.c","MaL","an2","C:157",4,6
229,"10.b","MaL","an2","C:157",2,5
229,"10.a","MaL","an2","C:157",2,5
229,"10.c","MaL","an2","C:157",2,5
229,"10.b","MaL","an2","Fő:42",3,6
229,"10.a","MaL","an2","Fő:42",3,6
229,"10.c","MaL","an2","Fő:42",3,6
229,"10.b","MaL","an2","R:E153",1,7
229,"10.a","MaL","an2","R:E153",1,7
229,"10.c","MaL","an2","R:E153",1,7
230,"10.b","RiJ","ném2","Fő:-135",4,6
230,"10.a","RiJ","ném2","Fő:-135",4,6
230,"10.c","RiJ","ném2","Fő:-135",4,6
230,"10.b","RiJ","ném2","Fő:42",2,5
230,"10.a","RiJ","ném2","Fő:42",2,5
230,"10.c","RiJ","ném2","Fő:42",2,5
230,"10.b","RiJ","ném2","Fő:229_10c",3,6
230,"10.a","RiJ","ném2","Fő:229_10c",3,6
230,"10.c","RiJ","ném2","Fő:229_10c",3,6
230,"10.b","RiJ","ném2","F:218_10a",1,7
230,"10.a","RiJ","ném2","F:218_10a",1,7
230,"10.c","RiJ","ném2","F:218_10a",1,7
231,"10.a","MéP","én","0/5",0,7
231,"10.a","MéP","én","0/5",4,5
232,"10.b","ViV","ném2","Fő:42",4,6
232,"10.a","ViV","ném2","Fő:42",4,6
232,"10.c","ViV","ném2","Fő:42",4,6
232,"10.b","ViV","ném2","Fő:229_10c",2,5
232,"10.a","ViV","ném2","Fő:229_10c",2,5
232,"10.c","ViV","ném2","Fő:229_10c",2,5
232,"10.b","ViV","ném2","Fő:110_10b",3,6
232,"10.a","ViV","ném2","Fő:110_10b",3,6
232,"10.c","ViV","ném2","Fő:110_10b",3,6
232,"10.b","ViV","ném2","D:F022_11a",1,7
232,"10.a","ViV","ném2","D:F022_11a",1,7
232,"10.c","ViV","ném2","D:F022_11a",1,7
233,"10.a","PáD","magy","F:218_10a",0,5
233,"10.a","PáD","magy","F:218_10a",0,6
233,"10.a","PáD","magy","F:218_10a",1,5
233,"10.a","PáD","magy","F:218_10a",3,3
234,"10.b","SzNE","fra","Fő:110_10b",4,6
234,"10.a","SzNE","fra","Fő:110_10b",4,6
234,"10.c","SzNE","fra","Fő:110_10b",4,6
234,"10.b","SzNE","fra","R:E153",2,5
234,"10.a","SzNE","fra","R:E153",2,5
234,"10.c","SzNE","fra","R:E153",2,5
234,"10.b","SzNE","fra","I:-108_12b",3,6
234,"10.a","SzNE","fra","I:-108_12b",3,6
234,"10.c","SzNE","fra","I:-108_12b",3,6
234,"10.b","SzNE","fra","D:215",1,7
234,"10.a","SzNE","fra","D:215",1,7
234,"10.c","SzNE","fra","D:215",1,7
235,"10.b","NéK","kín","R:E152",4,6
235,"10.a","NéK","kín","R:E152",4,6
235,"10.c","NéK","kín","R:E152",4,6
235,"10.b","NéK","kín","D:215",2,5
235,"10.a","NéK","kín","D:215",2,5
235,"10.c","NéK","kín","D:215",2,5
235,"10.b","NéK","kín","F:218_10a",3,6
235,"10.a","NéK","kín","F:218_10a",3,6
235,"10.c","NéK","kín","F:218_10a",3,6
235,"10.b","NéK","kín","Fő:-135",1,7
235,"10.a","NéK","kín","Fő:-135",1,7
235,"10.c","NéK","kín","Fő:-135",1,7
236,"10.a","ScP","tör","F:218_10a",4,1
236,"10.a","ScP","tör","F:218_10a",0,1
237,"10.b","BoK","spa","R:E153",4,6
237,"10.a","BoK","spa","R:E153",4,6
237,"10.c","BoK","spa","R:E153",4,6
237,"10.b","BoK","spa","D:F021",2,5
237,"10.a","BoK","spa","D:F021",2,5
237,"10.c","BoK","spa","D:F021",2,5
237,"10.b","BoK","spa","I:-107_12c",3,6
237,"10.a","BoK","spa","I:-107_12c",3,6
237,"10.c","BoK","spa","I:-107_12c",3,6
237,"10.b","BoK","spa","D:F021",1,7
237,"10.a","BoK","spa","D:F021",1,7
237,"10.c","BoK","spa","D:F021",1,7
238,"10.b","BuI","spa","F:218_10a",4,6
238,"10.a","BuI","spa","F:218_10a",4,6
238,"10.c","BuI","spa","F:218_10a",4,6
238,"10.b","BuI","spa","F:218_10a",2,5
238,"10.a","BuI","spa","F:218_10a",2,5
238,"10.c","BuI","spa","F:218_10a",2,5
238,"10.b","BuI","spa","R:E153",3,6
238,"10.a","BuI","spa","R:E153",3,6
238,"10.c","BuI","spa","R:E153",3,6
238,"10.b","BuI","spa","Fő:138_11b",1,7
238,"10.a","BuI","spa","Fő:138_11b",1,7
238,"10.c","BuI","spa","Fő:138_11b",1,7
239,"10.a","VGy","fiz","F:218_10a",1,4
239,"10.a","VGy","fiz","F:218_10a",3,4
240,"10.c","OrA","rajz","Fő:229_10c",1,6
241,"10.c","FaN","bi","Fő:229_10c",1,4
241,"10.c","FaN","bi","Fő:229_10c",3,7
242,"10.c","FaN","kém","Fő:229_10c",2,6
242,"10.c","FaN","kém","Fő:229_10c",4,5
243,"10.c","KKÉ","föl","Fő:229_10c",3,2
243,"10.c","KKÉ","föl","Fő:229_10c",0,5
244,"10.c","KCs","tör","Fő:229_10c",0,1
244,"10.c","KCs","tör","Fő:229_10c",3,3
247,"10.c","RGy","dk","2/4 inf",2,1
248,"10.c","PiK","dk","0/1 inf",2,1
249,"10.c","NéD","fiz","Fő:229_10c",2,4
249,"10.c","NéD","fiz","Fő:229_10c",4,1
249,"10.c","NéD","fiz","Fő:229_10c",0,7
250,"10.c","MoP","mat","Fő:138_11b",2,2
250,"10.c","MoP","mat","D:F021",3,5
250,"10.c","MoP","mat","Fő:110_10b",0,6
251,"10.c","NéD","mat","Fő:42",2,2
251,"10.c","NéD","mat","Fő:42",3,5
251,"10.c","NéD","mat","Fő:229_10c",0,6
252,"10.c","MéP","én","0/5",4,4
252,"10.c","MéP","én","0/5",1,5
253,"10.c","FaN","of","Fő:229_10c",2,7
253,"10.c","RFL","of","Fő:229_10c",2,7
254,"10.b","SzT","of","Fő:110_10b",3,7
255,"10.c","FáL","magy","Fő:229_10c",0,3
255,"10.c","FáL","magy","Fő:229_10c",0,4
255,"10.c","FáL","magy","Fő:229_10c",3,4
255,"10.c","FáL","magy","Fő:229_10c",2,3
256,"10.a","EHJ","of","F:218_10a",2,7
256,"10.a","FaF","of","F:218_10a",2,7
257,"11.b","FrE","matF","Fő:138_11b",3,4
257,"11.b","FrE","matF","Fő:138_11b",4,4
259,"11.b","FrE","matF","Fő:138_11b",3,3
260,"11.b","FrE","mat","Fő:138_11b",4,3
261,"11.b","SzÁ","magy","Fő:42",3,3
262,"11.b","SzÁ","magy","F:218_10a",4,3
263,"11.b","KuJ","tes","népt",3,4
263,"11.c","KuJ","tes","népt",3,4
263,"11.b","KuJ","tes","tesi2",4,4
263,"11.c","KuJ","tes","tesi2",4,4
264,"11.b","KuJ","tes","népt",3,5
264,"11.c","KuJ","tes","népt",3,5
264,"11.b","KuJ","tes","tesi2",2,5
264,"11.c","KuJ","tes","tesi2",2,5
265,"11.b","CzL","tes","tesi3",3,4
265,"11.c","CzL","tes","tesi3",3,4
265,"11.b","CzL","tes","tesi3",4,4
265,"11.c","CzL","tes","tesi3",4,4
266,"11.b","TóK","tes","tesi3",3,5
266,"11.c","TóK","tes","tesi3",3,5
266,"11.b","TóK","tes","tesi3",2,5
266,"11.c","TóK","tes","tesi3",2,5
267,"11.c","SzÁ","magy","Fő:27_11c",1,3
268,"11.c","SzÁ","magy","Fő:27_11c",1,4
269,"11.c","ViF","matF","Fő:27_11c",3,5
269,"11.c","ViF","matF","Fő:27_11c",2,5
271,"11.c","ViF","mat","C:157",1,3
272,"11.c","ViF","matF","C:157",1,4
273,"11.b","FrE","mat","Fő:138_11b",3,5
273,"11.b","FrE","mat","Fő:138_11b",2,5
274,"11.c","ViF","mat","Fő:27_11c",3,4
274,"11.c","ViF","mat","Fő:27_11c",4,4
275,"11.b","KGa","rajz","Fő:138_11b",0,7
276,"11.b","MoK","tánc","tesi3",1,3
277,"11.b","SzÁ","magy","Fő:138_11b",1,1
277,"11.b","SzÁ","magy","Fő:138_11b",0,3
277,"11.b","SzÁ","magy","Fő:138_11b",1,2
278,"11.b","FrE","matF","Fő:42",0,1
278,"11.b","FrE","matF","Fő:42",0,2
279,"11.b","PiK","fiz","Fő:138_11b",0,4
279,"11.b","PiK","fiz","Fő:138_11b",2,6
280,"11.a","KGé","fizF","Fő:42",0,4
280,"11.b","KGé","fizF","Fő:42",0,4
280,"11.c","KGé","fizF","Fő:42",0,4
280,"11.a","KGé","fizF","Fő:42",2,6
280,"11.b","KGé","fizF","Fő:42",2,6
280,"11.c","KGé","fizF","Fő:42",2,6
281,"11.a","BaM","an1","D:F022_11a",2,5
281,"11.a","BaM","an1","C:157",3,4
281,"11.a","BaM","an1","D:F022_11a",1,2
282,"11.a","KGé","fizF","R:E356_12a",3,1
282,"11.b","KGé","fizF","R:E356_12a",3,1
282,"11.c","KGé","fizF","R:E356_12a",3,1
282,"11.a","KGé","fizF","R:E356_12a",3,2
282,"11.b","KGé","fizF","R:E356_12a",3,2
282,"11.c","KGé","fizF","R:E356_12a",3,2
283,"11.a","NiN","an1","Fő:-135",2,5
283,"11.a","NiN","an1","Fő:42",3,4
283,"11.a","NiN","an1","Fő:229_10c",1,2
284,"11.b","CsK","kém","Fő:138_11b",4,5
284,"11.b","CsK","kém","Fő:138_11b",1,6
285,"11.a","FaF","kémF","F:218_10a",4,5
285,"11.b","FaF","kémF","F:218_10a",4,5
285,"11.c","FaF","kémF","F:218_10a",4,5
285,"11.a","FaF","kémF","Fő:110_10b",1,6
285,"11.b","FaF","kémF","Fő:110_10b",1,6
285,"11.c","FaF","kémF","Fő:110_10b",1,6
286,"11.a","BaM","tör","D:F022_11a",4,2
286,"11.a","BaM","tör","D:F022_11a",1,3
286,"11.a","BaM","tör","D:F022_11a",2,4
287,"11.b","PáG","tör","Fő:138_11b",1,4
287,"11.b","PáG","tör","Fő:138_11b",4,2
287,"11.b","PáG","tör","Fő:138_11b",2,4
288,"11.a","FaK","törF","F:218_10a",4,2
288,"11.a","FaK","törF","D:F021",1,3
288,"11.a","FaK","törF","Fő:-135",2,4
289,"11.b","BáÁ","törF","Fő:-135",1,4
289,"11.b","BáÁ","törF","R:E356_12a",4,2
289,"11.b","BáÁ","törF","D:215",2,4
290,"11.b","BáÁ","törF","C:157",3,1
290,"11.b","BáÁ","törF","C:157",3,2
291,"11.b","GeG","bie","Fő:138_11b",4,6
291,"11.b","GeG","bie","Fő:138_11b",2,3
292,"11.a","BHZs","bie","D:F022_11a",2,3
292,"11.a","BHZs","bie","D:F022_11a",4,6
293,"11.a","FeA","kém","D:F022_11a",4,5
293,"11.a","FeA","kém","D:F022_11a",1,6
294,"11.a","GCs","matF","Fő:27_11c",2,2
294,"11.a","GCs","matF","R:E356_12a",3,3
295,"11.a","ToM","mat","D:F022_11a",2,2
295,"11.a","ToM","mat","D:F022_11a",3,3
296,"11.a","KGa","rajz","D:F022_11a",3,6
297,"11.a","MoK","tánc","tesi2",1,1
298,"11.a","PáD","magy","D:F022_11a",2,1
298,"11.a","PáD","magy","D:F022_11a",3,5
298,"11.a","PáD","magy","D:F022_11a",1,4
299,"11.b","FrE","of","Fő:138_11b",3,6
300,"11.a","BaM","of","D:F022_11a",0,7
300,"11.a","NiN","of","D:F022_11a",0,7
301,"11.a","PáD","magy","D:F022_11a",4,3
302,"11.c","ViF","of","Fő:27_11c",4,3
303,"11.a","PáD","magy","D:F022_11a",4,4
304,"11.c","SzT","tör","Fő:27_11c",0,3
304,"11.c","SzT","tör","Fő:27_11c",1,1
304,"11.c","SzT","tör","Fő:27_11c",2,4
305,"11.c","KCs","törF","R:E356_12a",0,3
305,"11.c","KCs","törF","D:F021",1,1
305,"11.c","KCs","törF","R:E153",2,4
306,"11.c","KCs","törF","R:E153",3,1
306,"11.c","KCs","törF","R:E153",3,2
307,"11.a","GCs","matF","R:E152",4,3
308,"11.c","FeA","bie","Fő:27_11c",4,6
308,"11.c","FeA","bie","Fő:27_11c",2,3
309,"11.c","KGa","rajz","Fő:27_11c",3,3
310,"11.a","ToM","mat","R:E356_12a",4,4
311,"11.c","ViF","fiz","Fő:27_11c",0,4
311,"11.c","ViF","fiz","Fő:27_11c",2,6
312,"11.c","KuL","kém","Fő:27_11c",4,5
312,"11.c","KuL","kém","Fő:27_11c",1,6
313,"11.c","MoK","tánc","tesi2",1,2
314,"11.a","VGy","fiz","D:F022_11a",0,4
314,"11.a","VGy","fiz","D:F022_11a",2,6
315,"11.c","SzÁ","magy","Fő:27_11c",0,7
315,"11.c","SzÁ","magy","Fő:27_11c",3,6
315,"11.c","SzÁ","magy","Fő:27_11c",4,2
316,"11.c","ViF","matF","R:E152",0,1
316,"11.c","ViF","matF","R:E152",0,2
317,"11.a","VaB","tes","tesi3",0,3
317,"11.a","VaB","tes","tesi3",4,1
318,"11.a","ZsB","tes","tesi2",0,3
318,"11.a","ZsB","tes","tesi2",4,1
319,"11.b","BaM","an1","C:157",2,1
319,"11.c","BaM","an1","C:157",2,1
319,"11.b","BaM","an1","C:157",2,2
319,"11.c","BaM","an1","C:157",2,2
319,"11.b","BaM","an1","D:F022_11a",4,1
319,"11.c","BaM","an1","D:F022_11a",4,1
320,"11.b","RFL","an1","I:-107_12c",2,1
320,"11.c","RFL","an1","I:-107_12c",2,1
320,"11.b","RFL","an1","I:-107_12c",2,2
320,"11.c","RFL","an1","I:-107_12c",2,2
320,"11.b","RFL","an1","D:F021",4,1
320,"11.c","RFL","an1","D:F021",4,1
321,"11.b","MáM","ném1","D:F021",2,1
321,"11.c","MáM","ném1","D:F021",2,1
321,"11.b","MáM","ném1","D:F021",2,2
321,"11.c","MáM","ném1","D:F021",2,2
321,"11.b","MáM","ném1","R:E356_12a",4,1
321,"11.c","MáM","ném1","R:E356_12a",4,1
322,"11.b","SzÉ","ném1","R:E356_12a",2,1
322,"11.c","SzÉ","ném1","R:E356_12a",2,1
322,"11.b","SzÉ","ném1","R:E356_12a",2,2
322,"11.c","SzÉ","ném1","R:E356_12a",2,2
322,"11.b","SzÉ","ném1","Fő:27_11c",4,1
322,"11.c","SzÉ","ném1","Fő:27_11c",4,1
323,"11.b","KrP","an2","Fő:-135",0,5
323,"11.c","KrP","an2","Fő:-135",0,5
323,"11.a","KrP","an2","Fő:-135",0,5
323,"11.b","KrP","an2","Fő:-135",0,6
323,"11.c","KrP","an2","Fő:-135",0,6
323,"11.a","KrP","an2","Fő:-135",0,6
323,"11.b","KrP","an2","R:E153",3,7
323,"11.c","KrP","an2","R:E153",3,7
323,"11.a","KrP","an2","R:E153",3,7
323,"11.b","KrP","an2","R:E153",1,5
323,"11.c","KrP","an2","R:E153",1,5
323,"11.a","KrP","an2","R:E153",1,5
324,"11.b","RiJ","an2","R:E153",0,5
324,"11.c","RiJ","an2","R:E153",0,5
324,"11.a","RiJ","an2","R:E153",0,5
324,"11.b","RiJ","an2","R:E153",0,6
324,"11.c","RiJ","an2","R:E153",0,6
324,"11.a","RiJ","an2","R:E153",0,6
324,"11.b","RiJ","an2","Fő:-135",3,7
324,"11.c","RiJ","an2","Fő:-135",3,7
324,"11.a","RiJ","an2","Fő:-135",3,7
324,"11.b","RiJ","an2","D:215",1,5
324,"11.c","RiJ","an2","D:215",1,5
324,"11.a","RiJ","an2","D:215",1,5
325,"11.b","KoP","ném2","Fő:27_11c",0,5
325,"11.a","KoP","ném2","Fő:27_11c",0,5
325,"11.c","KoP","ném2","Fő:27_11c",0,5
325,"11.b","KoP","ném2","Fő:27_11c",0,6
325,"11.a","KoP","ném2","Fő:27_11c",0,6
325,"11.c","KoP","ném2","Fő:27_11c",0,6
325,"11.b","KoP","ném2","I:-108_12b",3,7
325,"11.a","KoP","ném2","I:-108_12b",3,7
325,"11.c","KoP","ném2","I:-108_12b",3,7
325,"11.b","KoP","ném2","Fő:27_11c",1,5
325,"11.a","KoP","ném2","Fő:27_11c",1,5
325,"11.c","KoP","ném2","Fő:27_11c",1,5
326,"11.b","ViV","ném2","R:E152",0,6
326,"11.a","ViV","ném2","R:E152",0,6
326,"11.c","ViV","ném2","R:E152",0,6
326,"11.b","ViV","ném2","R:E152",0,5
326,"11.a","ViV","ném2","R:E152",0,5
326,"11.c","ViV","ném2","R:E152",0,5
326,"11.b","ViV","ném2","Fő:138_11b",3,7
326,"11.a","ViV","ném2","Fő:138_11b",3,7
326,"11.c","ViV","ném2","Fő:138_11b",3,7
326,"11.b","ViV","ném2","Fő:138_11b",1,5
326,"11.a","ViV","ném2","Fő:138_11b",1,5
326,"11.c","ViV","ném2","Fő:138_11b",1,5
327,"11.b","BoK","spa","D:F021",0,5
327,"11.a","BoK","spa","D:F021",0,5
327,"11.c","BoK","spa","D:F021",0,5
327,"11.b","BoK","spa","D:F021",0,6
327,"11.a","BoK","spa","D:F021",0,6
327,"11.c","BoK","spa","D:F021",0,6
327,"11.b","BoK","spa","R:E152",3,7
327,"11.a","BoK","spa","R:E152",3,7
327,"11.c","BoK","spa","R:E152",3,7
327,"11.b","BoK","spa","D:F021",1,5
327,"11.a","BoK","spa","D:F021",1,5
327,"11.c","BoK","spa","D:F021",1,5
328,"11.b","BuI","spa","D:215",0,5
328,"11.a","BuI","spa","D:215",0,5
328,"11.c","BuI","spa","D:215",0,5
328,"11.b","BuI","spa","D:215",0,6
328,"11.a","BuI","spa","D:215",0,6
328,"11.c","BuI","spa","D:215",0,6
328,"11.b","BuI","spa","R:E356_12a",3,7
328,"11.a","BuI","spa","R:E356_12a",3,7
328,"11.c","BuI","spa","R:E356_12a",3,7
328,"11.b","BuI","spa","Fő:42",1,5
328,"11.a","BuI","spa","Fő:42",1,5
328,"11.c","BuI","spa","Fő:42",1,5
329,"11.b","ErK","fra","C:157",0,5
329,"11.a","ErK","fra","C:157",0,5
329,"11.c","ErK","fra","C:157",0,5
329,"11.b","ErK","fra","C:157",0,6
329,"11.a","ErK","fra","C:157",0,6
329,"11.c","ErK","fra","C:157",0,6
329,"11.b","ErK","fra","D:F022_11a",3,7
329,"11.a","ErK","fra","D:F022_11a",3,7
329,"11.c","ErK","fra","D:F022_11a",3,7
329,"11.b","ErK","fra","R:E152",1,5
329,"11.a","ErK","fra","R:E152",1,5
329,"11.c","ErK","fra","R:E152",1,5
330,"11.b","KíT","kín","Fő:138_11b",0,5
330,"11.a","KíT","kín","Fő:138_11b",0,5
330,"11.c","KíT","kín","Fő:138_11b",0,5
330,"11.b","KíT","kín","Fő:138_11b",0,6
330,"11.a","KíT","kín","Fő:138_11b",0,6
330,"11.c","KíT","kín","Fő:138_11b",0,6
330,"11.b","KíT","kín","D:F021",3,7
330,"11.a","KíT","kín","D:F021",3,7
330,"11.c","KíT","kín","D:F021",3,7
330,"11.b","KíT","kín","Fő:-135",1,5
330,"11.a","KíT","kín","Fő:-135",1,5
330,"11.c","KíT","kín","Fő:-135",1,5
331,"11.b","BuI","spaF","R:E356_12a",2,7
331,"11.a","BuI","spaF","R:E356_12a",2,7
331,"11.c","BuI","spaF","R:E356_12a",2,7
331,"11.b","BuI","spaF","R:E356_12a",2,8
331,"11.a","BuI","spaF","R:E356_12a",2,8
331,"11.c","BuI","spaF","R:E356_12a",2,8
332,"11.b","ErK","fraF","I:-108_12b",2,7
332,"11.a","ErK","fraF","I:-108_12b",2,7
332,"11.c","ErK","fraF","I:-108_12b",2,7
332,"11.b","ErK","fraF","I:-108_12b",2,8
332,"11.a","ErK","fraF","I:-108_12b",2,8
332,"11.c","ErK","fraF","I:-108_12b",2,8
333,"11.b","NiN","an2F","R:E152",2,7
333,"11.a","NiN","an2F","R:E152",2,7
333,"11.c","NiN","an2F","R:E152",2,7
333,"11.b","NiN","an2F","R:E152",2,8
333,"11.a","NiN","an2F","R:E152",2,8
333,"11.c","NiN","an2F","R:E152",2,8
334,"11.b","BaM","an1F","Fő:110_10b",1,7
334,"11.a","BaM","an1F","Fő:110_10b",1,7
334,"11.c","BaM","an1F","Fő:110_10b",1,7
334,"11.b","BaM","an1F","Fő:110_10b",1,8
334,"11.a","BaM","an1F","Fő:110_10b",1,8
334,"11.c","BaM","an1F","Fő:110_10b",1,8
335,"11.b","RiJ","ném2F","Fő:27_11c",2,7
335,"11.a","RiJ","ném2F","Fő:27_11c",2,7
335,"11.c","RiJ","ném2F","Fő:27_11c",2,7
335,"11.b","RiJ","ném2F","Fő:27_11c",2,8
335,"11.a","RiJ","ném2F","Fő:27_11c",2,8
335,"11.c","RiJ","ném2F","Fő:27_11c",2,8
336,"11.b","NéK","kínF","R:E153",2,7
336,"11.a","NéK","kínF","R:E153",2,7
336,"11.c","NéK","kínF","R:E153",2,7
336,"11.b","NéK","kínF","R:E153",2,8
336,"11.a","NéK","kínF","R:E153",2,8
336,"11.c","NéK","kínF","R:E153",2,8
337,"11.b","BHZs","fölF","Fő:110_10b",3,8
337,"11.a","BHZs","fölF","Fő:110_10b",3,8
337,"11.c","BHZs","fölF","Fő:110_10b",3,8
337,"11.b","BHZs","fölF","Fő:110_10b",3,9
337,"11.a","BHZs","fölF","Fő:110_10b",3,9
337,"11.c","BHZs","fölF","Fő:110_10b",3,9
338,"11.b","FCs","dkF","0/1 inf",3,8
338,"11.a","FCs","dkF","0/1 inf",3,8
338,"11.c","FCs","dkF","0/1 inf",3,8
338,"11.b","FCs","dkF","0/1 inf",3,9
338,"11.a","FCs","dkF","0/1 inf",3,9
338,"11.c","FCs","dkF","0/1 inf",3,9
339,"11.b","FCs","dkF","0/1 inf",0,8
339,"11.a","FCs","dkF","0/1 inf",0,8
339,"11.c","FCs","dkF","0/1 inf",0,8
340,"11.b","KGa","rajzF","Fő:138_11b",0,8
340,"11.a","KGa","rajzF","Fő:138_11b",0,8
340,"11.c","KGa","rajzF","Fő:138_11b",0,8
340,"11.b","KGa","rajzF","Fő:138_11b",0,9
340,"11.a","KGa","rajzF","Fő:138_11b",0,9
340,"11.c","KGa","rajzF","Fő:138_11b",0,9
341,"11.a","SzÉ","ném1F","Fő:229_10c",1,7
341,"11.a","JKM","ném1F","Fő:229_10c",1,7
341,"11.b","SzÉ","ném1F","Fő:229_10c",1,7
341,"11.b","JKM","ném1F","Fő:229_10c",1,7
341,"11.c","SzÉ","ném1F","Fő:229_10c",1,7
341,"11.c","JKM","ném1F","Fő:229_10c",1,7
341,"11.a","SzÉ","ném1F","Fő:229_10c",1,8
341,"11.a","JKM","ném1F","Fő:229_10c",1,8
341,"11.b","SzÉ","ném1F","Fő:229_10c",1,8
341,"11.b","JKM","ném1F","Fő:229_10c",1,8
341,"11.c","SzÉ","ném1F","Fő:229_10c",1,8
341,"11.c","JKM","ném1F","Fő:229_10c",1,8
342,"11.a","GCs","matF","C:157",0,1
342,"11.a","GCs","matF","C:157",0,2
343,"11.a","FaN","bieF","Fő:229_10c",4,6
343,"11.b","FaN","bieF","Fő:229_10c",4,6
343,"11.c","FaN","bieF","Fő:229_10c",4,6
343,"11.a","FaN","bieF","R:E356_12a",2,3
343,"11.b","FaN","bieF","R:E356_12a",2,3
343,"11.c","FaN","bieF","R:E356_12a",2,3
344,"11.a","FaK","törF","D:F021",3,1
344,"11.a","FaK","törF","D:F021",3,2
345,"11.a","EHJ","bieF","Fő:138_11b",0,1
345,"11.a","FaN","bieF","Fő:138_11b",0,1
345,"11.b","EHJ","bieF","Fő:138_11b",0,1
345,"11.b","FaN","bieF","Fő:138_11b",0,1
345,"11.c","EHJ","bieF","Fő:138_11b",0,1
345,"11.c","FaN","bieF","Fő:138_11b",0,1
345,"11.a","EHJ","bieF","Fő:138_11b",0,2
345,"11.a","FaN","bieF","Fő:138_11b",0,2
345,"11.b","EHJ","bieF","Fő:138_11b",0,2
345,"11.b","FaN","bieF","Fő:138_11b",0,2
345,"11.c","EHJ","bieF","Fő:138_11b",0,2
345,"11.c","FaN","bieF","Fő:138_11b",0,2
346,"11.a","EHJ","bieF","I:-107_12c",3,1
346,"11.a","FaN","bieF","I:-107_12c",3,1
346,"11.b","EHJ","bieF","I:-107_12c",3,1
346,"11.b","FaN","bieF","I:-107_12c",3,1
346,"11.c","EHJ","bieF","I:-107_12c",3,1
346,"11.c","FaN","bieF","I:-107_12c",3,1
346,"11.a","EHJ","bieF","I:-107_12c",3,2
346,"11.a","FaN","bieF","I:-107_12c",3,2
346,"11.b","EHJ","bieF","I:-107_12c",3,2
346,"11.b","FaN","bieF","I:-107_12c",3,2
346,"11.c","EHJ","bieF","I:-107_12c",3,2
346,"11.c","FaN","bieF","I:-107_12c",3,2
347,"11.a","FaF","kémF","D:215",0,1
347,"11.b","FaF","kémF","D:215",0,1
347,"11.c","FaF","kémF","D:215",0,1
347,"11.a","FaF","kémF","D:215",0,2
347,"11.b","FaF","kémF","D:215",0,2
347,"11.c","FaF","kémF","D:215",0,2
348,"11.a","MáM","ném2F","C:157",2,7
348,"11.b","MáM","ném2F","C:157",2,7
348,"11.c","MáM","ném2F","C:157",2,7
348,"11.a","MáM","ném2F","C:157",2,8
348,"11.b","MáM","ném2F","C:157",2,8
348,"11.c","MáM","ném2F","C:157",2,8
349,"11.a","KuL","kémF","D:215",3,1
349,"11.b","KuL","kémF","D:215",3,1
349,"11.c","KuL","kémF","D:215",3,1
349,"11.a","KuL","kémF","D:215",3,2
349,"11.b","KuL","kémF","D:215",3,2
349,"11.c","KuL","kémF","D:215",3,2
350,"11.a","FáL","médF","R:E356_12a",3,8
350,"11.b","FáL","médF","R:E356_12a",3,8
350,"11.c","FáL","médF","R:E356_12a",3,8
350,"12.a","FáL","médF","R:E356_12a",3,8
350,"12.b","FáL","médF","R:E356_12a",3,8
350,"12.c","FáL","médF","R:E356_12a",3,8
350,"11.a","FáL","médF","R:E356_12a",3,9
350,"11.b","FáL","médF","R:E356_12a",3,9
350,"11.c","FáL","médF","R:E356_12a",3,9
350,"12.a","FáL","médF","R:E356_12a",3,9
350,"12.b","FáL","médF","R:E356_12a",3,9
350,"12.c","FáL","médF","R:E356_12a",3,9
351,"7.b","KéM","matK","7.b-0/3",0,2
351,"7.b","KéM","matK","7.b-0/3",2,3
352,"12.a","GrÁ","of","R:E356_12a",0,7
353,"12.b","TóT","of","I:-108_12b",2,4
354,"12.c","KuL","of","I:-107_12c",2,5
354,"12.c","BHZs","of","I:-107_12c",2,5
355,"12.b","BáÁ","tör","I:-108_12b",0,2
355,"12.b","BáÁ","tör","I:-108_12b",1,6
355,"12.b","BáÁ","tör","I:-108_12b",4,3
356,"12.b","BáÁ","társ","I:-108_12b",1,5
356,"12.b","BáÁ","társ","I:-108_12b",0,6
357,"12.b","FaK","törF","R:E153",0,2
357,"12.a","FaK","törF","R:E153",0,2
357,"12.b","FaK","törF","Fő:-135",1,6
357,"12.a","FaK","törF","Fő:-135",1,6
357,"12.b","FaK","törF","C:157",4,3
357,"12.a","FaK","törF","C:157",4,3
358,"12.a","BKM","tes","BVSC",3,1
358,"12.a","TóT","tes","BVSC",3,1
358,"12.a","KuJ","tes","BVSC",3,1
358,"12.a","VaB","tes","BVSC",3,1
358,"12.b","BKM","tes","BVSC",3,1
358,"12.b","TóT","tes","BVSC",3,1
358,"12.b","KuJ","tes","BVSC",3,1
358,"12.b","VaB","tes","BVSC",3,1
358,"12.c","BKM","tes","BVSC",3,1
358,"12.c","TóT","tes","BVSC",3,1
358,"12.c","KuJ","tes","BVSC",3,1
358,"12.c","VaB","tes","BVSC",3,1
358,"12.a","BKM","tes","BVSC",3,2
358,"12.a","TóT","tes","BVSC",3,2
358,"12.a","KuJ","tes","BVSC",3,2
358,"12.a","VaB","tes","BVSC",3,2
358,"12.b","BKM","tes","BVSC",3,2
358,"12.b","TóT","tes","BVSC",3,2
358,"12.b","KuJ","tes","BVSC",3,2
358,"12.b","VaB","tes","BVSC",3,2
358,"12.c","BKM","tes","BVSC",3,2
358,"12.c","TóT","tes","BVSC",3,2
358,"12.c","KuJ","tes","BVSC",3,2
358,"12.c","VaB","tes","BVSC",3,2
358,"12.a","BKM","tes","BVSC",3,3
358,"12.a","TóT","tes","BVSC",3,3
358,"12.a","KuJ","tes","BVSC",3,3
358,"12.a","VaB","tes","BVSC",3,3
358,"12.b","BKM","tes","BVSC",3,3
358,"12.b","TóT","tes","BVSC",3,3
358,"12.b","KuJ","tes","BVSC",3,3
358,"12.b","VaB","tes","BVSC",3,3
358,"12.c","BKM","tes","BVSC",3,3
358,"12.c","TóT","tes","BVSC",3,3
358,"12.c","KuJ","tes","BVSC",3,3
358,"12.c","VaB","tes","BVSC",3,3
359,"12.b","FaK","törF","D:215",2,1
359,"12.a","FaK","törF","D:215",2,1
359,"12.b","FaK","törF","D:215",2,2
359,"12.a","FaK","törF","D:215",2,2
359,"12.b","FaK","törF","Fő:-135",3,5
359,"12.a","FaK","törF","Fő:-135",3,5
359,"12.b","FaK","törF","Fő:-135",3,6
359,"12.a","FaK","törF","Fő:-135",3,6
360,"12.b","GCs","matF","I:-108_12b",2,5
360,"12.b","GCs","matF","I:-108_12b",1,3
360,"12.b","GCs","matF","I:-108_12b",0,5
362,"12.b","GCs","matF","R:E152",4,1
362,"12.b","GCs","matF","R:E152",4,2
362,"12.b","GCs","matF","I:-108_12b",1,1
362,"12.b","GCs","matF","I:-108_12b",1,2
365,"12.b","PáD","magy","I:-108_12b",4,6
365,"12.b","PáD","magy","I:-108_12b",4,5
365,"12.b","PáD","magy","I:-108_12b",0,1
365,"12.b","PáD","magy","I:-108_12b",3,4
366,"12.b","UjM","mat","Fő:110_10b",2,5
366,"12.b","UjM","mat","Fő:229_10c",1,3
366,"12.b","UjM","mat","D:F022_11a",0,5
367,"12.a","GrÁ","an1","Fő:42",0,5
367,"12.a","GrÁ","an1","Fő:42",2,4
367,"12.a","GrÁ","an1","D:F022_11a",1,5
368,"12.b","MaL","an1","D:215",2,6
368,"12.c","MaL","an1","D:215",2,6
368,"12.b","MaL","an1","I:-107_12c",0,7
368,"12.c","MaL","an1","I:-107_12c",0,7
368,"12.b","MaL","an1","D:F021",1,4
368,"12.c","MaL","an1","D:F021",1,4
369,"12.a","GrÁ","an1","Fő:138_11b",1,3
369,"12.a","GrÁ","an1","I:-108_12b",2,6
369,"12.a","GrÁ","an1","Fő:42",0,6
370,"12.b","SzkN","an1","R:E152",2,6
370,"12.c","SzkN","an1","R:E152",2,6
370,"12.b","SzkN","an1","C:157",0,7
370,"12.c","SzkN","an1","C:157",0,7
370,"12.b","SzkN","an1","R:E152",1,4
370,"12.c","SzkN","an1","R:E152",1,4
371,"12.b","MáM","ném1","Fő:42",1,4
371,"12.c","MáM","ném1","Fő:42",1,4
371,"12.b","MáM","ném1","Fő:-135",2,6
371,"12.c","MáM","ném1","Fő:-135",2,6
371,"12.b","MáM","ném1","Fő:-135",0,7
371,"12.c","MáM","ném1","Fő:-135",0,7
372,"12.b","SzÉ","ném1","I:-108_12b",1,4
372,"12.c","SzÉ","ném1","I:-108_12b",1,4
372,"12.b","SzÉ","ném1","D:F021",2,6
372,"12.c","SzÉ","ném1","D:F021",2,6
372,"12.b","SzÉ","ném1","I:-108_12b",0,7
372,"12.c","SzÉ","ném1","I:-108_12b",0,7
373,"12.a","FaF","mat","R:E356_12a",1,3
373,"12.a","FaF","mat","R:E356_12a",2,6
373,"12.a","FaF","mat","R:E356_12a",0,6
374,"12.b","BaM","an2","R:E152",0,3
374,"12.a","BaM","an2","R:E152",0,3
374,"12.c","BaM","an2","R:E152",0,3
374,"12.b","BaM","an2","I:-108_12b",4,4
374,"12.a","BaM","an2","I:-108_12b",4,4
374,"12.c","BaM","an2","I:-108_12b",4,4
374,"12.b","BaM","an2","R:E152",0,4
374,"12.a","BaM","an2","R:E152",0,4
374,"12.c","BaM","an2","R:E152",0,4
374,"12.b","BaM","an2","I:-108_12b",2,3
374,"12.a","BaM","an2","I:-108_12b",2,3
374,"12.c","BaM","an2","I:-108_12b",2,3
375,"12.a","ViF","matF","R:E356_12a",0,5
375,"12.a","ViF","matF","R:E356_12a",2,4
375,"12.a","ViF","matF","C:157",1,5
376,"12.b","BoK","spa","D:F021",4,4
376,"12.a","BoK","spa","D:F021",4,4
376,"12.c","BoK","spa","D:F021",4,4
376,"12.b","BoK","spa","D:F021",0,3
376,"12.a","BoK","spa","D:F021",0,3
376,"12.c","BoK","spa","D:F021",0,3
376,"12.b","BoK","spa","D:F021",0,4
376,"12.a","BoK","spa","D:F021",0,4
376,"12.c","BoK","spa","D:F021",0,4
376,"12.b","BoK","spa","D:F021",2,3
376,"12.a","BoK","spa","D:F021",2,3
376,"12.c","BoK","spa","D:F021",2,3
377,"12.b","ErK","fra","Fő:-135",4,4
377,"12.a","ErK","fra","Fő:-135",4,4
377,"12.c","ErK","fra","Fő:-135",4,4
377,"12.b","ErK","fra","C:157",0,3
377,"12.a","ErK","fra","C:157",0,3
377,"12.c","ErK","fra","C:157",0,3
377,"12.b","ErK","fra","C:157",0,4
377,"12.a","ErK","fra","C:157",0,4
377,"12.c","ErK","fra","C:157",0,4
377,"12.b","ErK","fra","C:157",2,3
377,"12.a","ErK","fra","C:157",2,3
377,"12.c","ErK","fra","C:157",2,3
378,"12.a","SzÁ","magy","R:E356_12a",4,5
378,"12.a","SzÁ","magy","R:E356_12a",4,6
378,"12.a","SzÁ","magy","R:E356_12a",0,1
378,"12.a","SzÁ","magy","R:E356_12a",3,4
379,"12.b","JKM","ném2","C:157",4,4
379,"12.a","JKM","ném2","C:157",4,4
379,"12.c","JKM","ném2","C:157",4,4
379,"12.b","JKM","ném2","D:215",0,3
379,"12.a","JKM","ném2","D:215",0,3
379,"12.c","JKM","ném2","D:215",0,3
379,"12.b","JKM","ném2","D:215",0,4
379,"12.a","JKM","ném2","D:215",0,4
379,"12.c","JKM","ném2","D:215",0,4
379,"12.b","JKM","ném2","R:E152",2,3
379,"12.a","JKM","ném2","R:E152",2,3
379,"12.c","JKM","ném2","R:E152",2,3
380,"12.b","KíT","kín","I:-107_12c",4,4
380,"12.a","KíT","kín","I:-107_12c",4,4
380,"12.c","KíT","kín","I:-107_12c",4,4
380,"12.b","KíT","kín","R:E153",0,3
380,"12.a","KíT","kín","R:E153",0,3
380,"12.c","KíT","kín","R:E153",0,3
380,"12.b","KíT","kín","R:E153",0,4
380,"12.a","KíT","kín","R:E153",0,4
380,"12.c","KíT","kín","R:E153",0,4
380,"12.b","KíT","kín","D:215",2,3
380,"12.a","KíT","kín","D:215",2,3
380,"12.c","KíT","kín","D:215",2,3
381,"12.a","BaM","tör","R:E356_12a",0,2
381,"12.a","BaM","tör","R:E356_12a",1,6
381,"12.a","BaM","tör","R:E356_12a",4,3
382,"12.b","RiJ","ném2","Fő:42",4,4
382,"12.a","RiJ","ném2","Fő:42",4,4
382,"12.c","RiJ","ném2","Fő:42",4,4
382,"12.b","RiJ","ném2","I:-107_12c",0,3
382,"12.a","RiJ","ném2","I:-107_12c",0,3
382,"12.c","RiJ","ném2","I:-107_12c",0,3
382,"12.b","RiJ","ném2","I:-107_12c",0,4
382,"12.a","RiJ","ném2","I:-107_12c",0,4
382,"12.c","RiJ","ném2","I:-107_12c",0,4
382,"12.b","RiJ","ném2","Fő:-135",2,3
382,"12.a","RiJ","ném2","Fő:-135",2,3
382,"12.c","RiJ","ném2","Fő:-135",2,3
383,"12.a","FaK","társ","R:E356_12a",2,5
383,"12.a","FaK","társ","R:E356_12a",1,4
384,"12.c","SzT","törF","Fő:267",0,2
384,"12.a","SzT","törF","Fő:267",0,2
384,"12.c","SzT","törF","Fő:267",1,6
384,"12.a","SzT","törF","Fő:267",1,6
384,"12.c","SzT","törF","Fő:267",4,3
384,"12.a","SzT","törF","Fő:267",4,3
386,"12.c","SzT","törF","Fő:267",2,1
386,"12.a","SzT","törF","Fő:267",2,1
386,"12.c","SzT","törF","Fő:267",2,2
386,"12.a","SzT","törF","Fő:267",2,2
386,"12.c","SzT","törF","Fő:267",3,5
386,"12.a","SzT","törF","Fő:267",3,5
386,"12.c","SzT","törF","Fő:267",3,6
386,"12.a","SzT","törF","Fő:267",3,6
388,"12.a","VGy","fizF","R:E153",2,1
388,"12.b","VGy","fizF","R:E153",2,1
388,"12.c","VGy","fizF","R:E153",2,1
388,"12.a","VGy","fizF","R:E153",2,2
388,"12.b","VGy","fizF","R:E153",2,2
388,"12.c","VGy","fizF","R:E153",2,2
388,"12.a","VGy","fizF","C:157",3,5
388,"12.b","VGy","fizF","C:157",3,5
388,"12.c","VGy","fizF","C:157",3,5
388,"12.a","VGy","fizF","C:157",3,6
388,"12.b","VGy","fizF","C:157",3,6
388,"12.c","VGy","fizF","C:157",3,6
389,"12.c","GCs","mat","I:-107_12c",0,6
389,"12.c","GCs","mat","I:-107_12c",2,4
389,"12.c","GCs","mat","I:-107_12c",1,5
390,"12.a","SzNE","fraF","D:215",1,8
390,"12.b","SzNE","fraF","D:215",1,8
390,"12.c","SzNE","fraF","D:215",1,8
390,"12.a","SzNE","fraF","D:215",1,9
390,"12.b","SzNE","fraF","D:215",1,9
390,"12.c","SzNE","fraF","D:215",1,9
391,"12.c","ToM","matF","R:E356_12a",1,5
391,"12.c","ToM","matF","D:F021",2,4
391,"12.c","ToM","matF","D:F022_11a",0,6
392,"12.a","SzT","társF","I:-107_12c",3,8
392,"12.b","SzT","társF","I:-107_12c",3,8
392,"12.c","SzT","társF","I:-107_12c",3,8
392,"12.a","SzT","társF","I:-107_12c",3,9
392,"12.b","SzT","társF","I:-107_12c",3,9
392,"12.c","SzT","társF","I:-107_12c",3,9
393,"12.a","SzZs","dkF","2/4 inf",3,7
393,"12.b","SzZs","dkF","2/4 inf",3,7
393,"12.c","SzZs","dkF","2/4 inf",3,7
393,"12.a","SzZs","dkF","2/4 inf",3,8
393,"12.b","SzZs","dkF","2/4 inf",3,8
393,"12.c","SzZs","dkF","2/4 inf",3,8
394,"12.c","SzT","társ","I:-107_12c",1,3
394,"12.c","SzT","társ","I:-107_12c",0,5
395,"12.a","SzZs","dkF","2/4 inf",1,7
395,"12.b","SzZs","dkF","2/4 inf",1,7
395,"12.c","SzZs","dkF","2/4 inf",1,7
396,"12.c","KCs","tör","I:-107_12c",0,2
396,"12.c","KCs","tör","I:-107_12c",1,6
396,"12.c","KCs","tör","I:-107_12c",4,3
397,"12.a","SzÉ","ném1F","D:215",2,7
397,"12.b","SzÉ","ném1F","D:215",2,7
397,"12.c","SzÉ","ném1F","D:215",2,7
397,"12.a","SzÉ","ném1F","D:215",2,8
397,"12.b","SzÉ","ném1F","D:215",2,8
397,"12.c","SzÉ","ném1F","D:215",2,8
398,"12.a","MáM","ném2F","R:E152",1,7
398,"12.b","MáM","ném2F","R:E152",1,7
398,"12.c","MáM","ném2F","R:E152",1,7
398,"12.a","MáM","ném2F","R:E152",1,8
398,"12.b","MáM","ném2F","R:E152",1,8
398,"12.c","MáM","ném2F","R:E152",1,8
399,"12.a","RiJ","ném2F","C:157",1,8
399,"12.b","RiJ","ném2F","C:157",1,8
399,"12.c","RiJ","ném2F","C:157",1,8
399,"12.a","RiJ","ném2F","C:157",1,9
399,"12.b","RiJ","ném2F","C:157",1,9
399,"12.c","RiJ","ném2F","C:157",1,9
400,"12.c","CsV","magy","I:-107_12c",4,5
400,"12.c","CsV","magy","I:-107_12c",4,6
400,"12.c","CsV","magy","I:-107_12c",0,1
400,"12.c","CsV","magy","I:-107_12c",3,4
401,"12.a","BuI","spaF","Fő:138_11b",1,8
401,"12.b","BuI","spaF","Fő:138_11b",1,8
401,"12.c","BuI","spaF","Fő:138_11b",1,8
401,"12.a","BuI","spaF","Fő:138_11b",1,9
401,"12.b","BuI","spaF","Fő:138_11b",1,9
401,"12.c","BuI","spaF","Fő:138_11b",1,9
402,"12.a","CsB","magyF","D:215",4,5
402,"12.b","CsB","magyF","D:215",4,5
402,"12.c","CsB","magyF","D:215",4,5
402,"12.a","CsB","magyF","Fő:-135",3,4
402,"12.b","CsB","magyF","Fő:-135",3,4
402,"12.c","CsB","magyF","Fő:-135",3,4
402,"12.a","CsB","magyF","D:215",4,6
402,"12.b","CsB","magyF","D:215",4,6
402,"12.c","CsB","magyF","D:215",4,6
402,"12.a","CsB","magyF","Fő:-135",0,1
402,"12.b","CsB","magyF","Fő:-135",0,1
402,"12.c","CsB","magyF","Fő:-135",0,1
403,"12.a","CsB","magyF","F:218_10a",1,1
403,"12.b","CsB","magyF","F:218_10a",1,1
403,"12.c","CsB","magyF","F:218_10a",1,1
403,"12.a","CsB","magyF","F:218_10a",1,2
403,"12.b","CsB","magyF","F:218_10a",1,2
403,"12.c","CsB","magyF","F:218_10a",1,2
405,"12.a","KGa","rajzF","I:-108_12b",3,8
405,"12.b","KGa","rajzF","I:-108_12b",3,8
405,"12.c","KGa","rajzF","I:-108_12b",3,8
405,"12.a","KGa","rajzF","I:-108_12b",3,9
405,"12.b","KGa","rajzF","I:-108_12b",3,9
405,"12.c","KGa","rajzF","I:-108_12b",3,9
406,"12.a","EHJ","bieF","R:E152",2,1
406,"12.b","EHJ","bieF","R:E152",2,1
406,"12.c","EHJ","bieF","R:E152",2,1
406,"12.a","EHJ","bieF","R:E152",2,2
406,"12.b","EHJ","bieF","R:E152",2,2
406,"12.c","EHJ","bieF","R:E152",2,2
406,"12.a","EHJ","bieF","R:E152",3,5
406,"12.b","EHJ","bieF","R:E152",3,5
406,"12.c","EHJ","bieF","R:E152",3,5
406,"12.a","EHJ","bieF","R:E152",3,6
406,"12.b","EHJ","bieF","R:E152",3,6
406,"12.c","EHJ","bieF","R:E152",3,6
407,"12.a","KuL","kémF","I:-108_12b",2,1
407,"12.b","KuL","kémF","I:-108_12b",2,1
407,"12.c","KuL","kémF","I:-108_12b",2,1
407,"12.a","KuL","kémF","I:-108_12b",2,2
407,"12.b","KuL","kémF","I:-108_12b",2,2
407,"12.c","KuL","kémF","I:-108_12b",2,2
407,"12.a","KuL","kémF","R:E356_12a",3,5
407,"12.b","KuL","kémF","R:E356_12a",3,5
407,"12.c","KuL","kémF","R:E356_12a",3,5
407,"12.a","KuL","kémF","R:E356_12a",3,6
407,"12.b","KuL","kémF","R:E356_12a",3,6
407,"12.c","KuL","kémF","R:E356_12a",3,6
408,"12.a","FaF","kémF","R:E356_12a",1,1
408,"12.b","FaF","kémF","R:E356_12a",1,1
408,"12.c","FaF","kémF","R:E356_12a",1,1
408,"12.a","FaF","kémF","R:E356_12a",1,2
408,"12.b","FaF","kémF","R:E356_12a",1,2
408,"12.c","FaF","kémF","R:E356_12a",1,2
408,"12.a","FaF","kémF","R:E153",4,1
408,"12.b","FaF","kémF","R:E153",4,1
408,"12.c","FaF","kémF","R:E153",4,1
408,"12.a","FaF","kémF","R:E153",4,2
408,"12.b","FaF","kémF","R:E153",4,2
408,"12.c","FaF","kémF","R:E153",4,2
409,"12.a","FaN","bieF","I:-108_12b",4,1
409,"12.b","FaN","bieF","I:-108_12b",4,1
409,"12.c","FaN","bieF","I:-108_12b",4,1
409,"12.a","FaN","bieF","I:-108_12b",4,2
409,"12.b","FaN","bieF","I:-108_12b",4,2
409,"12.c","FaN","bieF","I:-108_12b",4,2
409,"12.a","FaN","bieF","I:-107_12c",1,1
409,"12.b","FaN","bieF","I:-107_12c",1,1
409,"12.c","FaN","bieF","I:-107_12c",1,1
409,"12.a","FaN","bieF","I:-107_12c",1,2
409,"12.b","FaN","bieF","I:-107_12c",1,2
409,"12.c","FaN","bieF","I:-107_12c",1,2
410,"12.a","ViF","matF","Fő:110_10b",1,1
410,"12.a","ViF","matF","Fő:110_10b",1,2
411,"12.c","ToM","matF","I:-107_12c",4,1
411,"12.c","ToM","matF","I:-107_12c",4,2
411,"12.c","ToM","matF","Fő:-135",1,1
411,"12.c","ToM","matF","Fő:-135",1,2
410,"12.a","ViF","matF","C:157",4,1
410,"12.a","ViF","matF","C:157",4,2
412,"12.a","BaM","an1F","Fő:138_11b",2,7
412,"12.b","BaM","an1F","Fő:138_11b",2,7
412,"12.c","BaM","an1F","Fő:138_11b",2,7
412,"12.a","BaM","an1F","Fő:138_11b",2,8
412,"12.b","BaM","an1F","Fő:138_11b",2,8
412,"12.c","BaM","an1F","Fő:138_11b",2,8
413,"9.a","LiA","népt","népt",2,7
413,"9.b","LiA","népt","népt",2,7
413,"9.c","LiA","népt","népt",2,7
414,"10.a","LiA","népt","népt",2,8
414,"10.b","LiA","népt","népt",2,8
414,"10.c","LiA","népt","népt",2,8
415,"11.a","LiA","népt","népt",4,7
415,"11.b","LiA","népt","népt",4,7
415,"11.c","LiA","népt","népt",4,7
416,"12.a","LiA","népt","népt",4,8
416,"12.b","LiA","népt","népt",4,8
416,"12.c","LiA","népt","népt",4,8
239,"10.a","VGy","fiz","F:218_10a",2,4
417,"7.c","HeI","tör","7.c-0/4",4,3